{"stat.chestOpened":1,"stat.drop.minecraft.wooden_pickaxe":1,"stat.leaveGame":24,"stat.pickup.betteranimalsplus.goose_egg":1,"stat.jump":283,"stat.swimOneCm":1779,"stat.fallOneCm":1941,"stat.useItem.minecraft.planks":1,"stat.mineBlock.thaumcraft.ore_amber":2,"stat.pickup.minecraft.dirt":1,"stat.useItem.minecraft.stone_slab2":5,"stat.pickup.vampirism.vampire_fang":1,"stat.craftItem.comforts.sleeping_bag":1,"stat.craftingTableInteraction":4,"stat.useItem.minecraft.egg":1,"stat.pickup.minecraft.leather":2,"stat.damageTaken":104,"stat.craftItem.minecraft.stone_pickaxe":1,"stat.useItem.minecraft.wooden_pickaxe":6,"stat.pickup.minecraft.cobblestone":29,"stat.pickup.minecraft.planks":4,"stat.entityKilledBy.betteranimalsplus.goose":1,"stat.craftItem.minecraft.stone_sword":1,"stat.flyOneCm":21481,"tombstone:undead_killed":1,"stat.pickup.minecraft.wheat_seeds":3,"stat.pickup.minecraft.potato":17,"stat.drop.minecraft.wheat_seeds":3,"stat.useItem.minecraft.stone_pickaxe":25,"stat.useItem.minecraft.stone_sword":15,"stat.damageDealt":675,"stat.timeSinceDeath":25221,"stat.killEntity.Cow":1,"stat.craftItem.minecraft.wooden_pickaxe":1,"stat.pickup.minecraft.mutton":3,"stat.walkOneCm":219524,"stat.playerKills":1,"stat.pickup.minecraft.stick":10,"stat.craftItem.minecraft.crafting_table":3,"stat.drop.minecraft.dirt":1,"stat.mineBlock.minecraft.double_plant":3,"stat.useItem.dynamictrees.oakseed":2,"stat.talkedToVillager":38,"stat.pickup.minecraft.log":12,"stat.pickup.minecraft.beef":1,"stat.sprintOneCm":14750,"stat.craftItem.minecraft.planks":48,"stat.useItem.betteranimalsplus.goose_egg":1,"stat.mobKills":9,"stat.pickup.dynamictrees.oakseed":4,"stat.deaths":2,"stat.drop":31,"stat.pickup.minecraft.egg":1,"stat.playOneMinute":43711,"stat.drop.tombstone.grave_key":26,"stat.killEntity.Sheep":6,"stat.sneakTime":8,"stat.pickup.thaumcraft.amber":3,"stat.pickup.minecraft.wool":3,"stat.killEntity.Zombie":1,"stat.pickup.minecraft.item_frame":1,"stat.mineBlock.minecraft.stone":29,"stat.mineBlock.minecraft.tallgrass":9,"stat.diveOneCm":6272}