{"stat.mineBlock.thaumcraft.leaves_silverwood":14,"stat.leaveGame":16,"stat.mineBlock.thaumcraft.ore_quartz":1,"stat.killEntity.betteranimalsplus.goat":9,"stat.pickup.betteranimalsplus.goose_egg":3,"stat.craftItem.minecraft.iron_axe":1,"stat.drop.betteranimalsplus.goose_egg":1,"stat.craftItem.minecraft.shield":1,"stat.pickup.minecraft.porkchop":27,"stat.pickup.minecolonies.blockhutfarmer":4,"stat.mineBlock.thaumcraft.log_greatwood":28,"stat.pickup.minecraft.rotten_flesh":4,"stat.pickup.minecraft.sand":19,"stat.entityKilledBy.betteranimalsplus.crab":1,"stat.craftItem.minecraft.stone_axe":1,"stat.craftItem.structurize.sceptergold":8,"stat.craftItem.minecraft.cobblestone_wall":42,"stat.pickup.dynamictrees.spruceseed":34,"stat.mineBlock.minecraft.snow_layer":294,"stat.mineBlock.minecraft.sand":11,"stat.mineBlock.minecolonies.blockhutbuilder":3,"stat.drop.minecraft.sand":6,"stat.craftItem.minecraft.wooden_hoe":1,"stat.drop.dynamictrees.spruceseed":12,"stat.useItem.minecraft.iron_pickaxe":250,"stat.craftItem.minecraft.wooden_pickaxe":1,"stat.mineBlock.thaumcraft.log_silverwood":11,"stat.pickup.minecraft.double_plant":7,"stat.craftItem.minecraft.bed":1,"stat.furnaceInteraction":29,"stat.useItem.spartanweaponry.throwing_knife_iron":161,"stat.drop.minecraft.red_flower":6,"stat.craftItem.thaumcraft.plank_silverwood":20,"stat.craftItem.toughasnails.canteen":1,"stat.useItem.minecraft.flint_and_steel":64,"stat.pickup.thaumcraft.crystal_essence":43,"stat.drop.minecraft.snowball":16,"stat.pickup.dynamictrees.oakseed":21,"stat.deaths":48,"stat.pickup.minecraft.egg":1,"stat.pickup.minecolonies.blockhutbuilder":3,"stat.playOneMinute":339901,"stat.craftItem.minecraft.wooden_shovel":7,"stat.craftItem.minecraft.iron_pickaxe":1,"stat.pickup.minecraft.item_frame":1,"stat.pickup.toughasnails.canteen":5,"stat.mineBlock.minecraft.tallgrass":24,"stat.craftItem.minecraft.cooked_mutton":43,"stat.craftItem.minecolonies.blockhutfarmer":1,"stat.chestOpened":3,"stat.pickup.thaumcraft.log_silverwood":10,"stat.drop.thaumcraft.shimmerleaf":2,"stat.craftItem.minecraft.coal":5,"stat.fallOneCm":211178,"stat.drop.toughasnails.canteen":5,"stat.pickup.minecraft.carrot":54,"stat.crouchOneCm":9564,"stat.craftItem.minecraft.chest":1,"stat.craftItem.minecraft.iron_ingot":27,"stat.craftingTableInteraction":74,"stat.drop.minecraft.double_plant":7,"stat.pickup.minecraft.planks":3,"stat.pickup.minecraft.wheat_seeds":4,"stat.mineBlock.minecraft.gravel":33,"stat.useItem.minecraft.stone_pickaxe":30,"stat.drop.minecraft.carpet":1,"stat.useItem.minecraft.wool":2,"stat.mineBlock.minecraft.dirt":247,"stat.useItem.minecraft.bread":4,"stat.useItem.minecraft.torch":2,"stat.craftItem.minecraft.stone_stairs":12,"stat.pickup.minecraft.crafting_table":3,"stat.useItem.minecraft.cobblestone":12,"stat.craftItem.minecraft.crafting_table":7,"stat.mineBlock.minecraft.double_plant":4,"stat.killEntity.betteranimalsplus.horseshoecrab":1,"stat.drop.vampirism.holy_water_bottle":1,"stat.useItem.dynamictrees.oakseed":4,"stat.pickup.minecraft.log":146,"stat.pickup.minecraft.iron_pickaxe":1,"stat.mineBlock.thaumcraft.crystal_terra":4,"stat.craftItem.usefulbackpacks.backpack":2,"stat.pickup.minecraft.sapling":2,"stat.pickup.thaumcraft.vishroom":1,"stat.pickup.minecraft.wooden_door":1,"stat.mineBlock.thaumcraft.shimmerleaf":2,"stat.drop.minecraft.fish":1,"stat.craftItem.minecraft.planks":436,"stat.killEntity.betteranimalsplus.nautilus":1,"stat.killEntity.PolarBear":1,"stat.craftItem.minecraft.dirt":48,"stat.useItem.betteranimalsplus.goose_egg":3,"stat.pickup.minecraft.book":12,"stat.mineBlock.minecraft.log":13,"stat.craftItem.minecraft.wooden_door":3,"stat.drop.minecolonies.blockhutfarmer":1,"stat.pickup.minecraft.red_flower":72,"stat.sneakTime":4509,"stat.pickup.thaumcraft.amber":4,"stat.pickup.minecraft.wool":16,"stat.mineBlock.thaumcraft.crystal_perditio":4,"stat.craftItem.thaumcraft.plank_greatwood":32,"stat.drop.minecraft.yellow_flower":4,"stat.pickup.minecraft.yellow_flower":137,"stat.useItem.spartanweaponry.warhammer_iron":8,"stat.pickup.thaumcraft.log_greatwood":28,"stat.craftItem.minecraft.spruce_door":3,"stat.useItem.minecraft.iron_axe":154,"stat.mineBlock.vampirism.hunter_table":1,"stat.mineBlock.minecraft.cobblestone":11,"stat.pickup.minecraft.flint":10,"stat.mineBlock.minecraft.yellow_flower":142,"stat.pickup.minecolonies.blockhutcitizen":2,"stat.swimOneCm":35957,"stat.climbOneCm":2762,"stat.mineBlock.thaumcraft.ore_amber":2,"stat.drop.minecraft.cobblestone":4,"stat.drop.minecraft.quartz":1,"stat.useItem.minecraft.dirt":173,"stat.useItem.minecraft.stone_slab2":68,"stat.craftItem.minecraft.furnace":3,"stat.useItem.minecolonies.scepterlumberjack":5,"stat.useItem.minecraft.egg":1,"stat.useItem.minecraft.iron_ore":7,"stat.craftItem.minecraft.stone_pickaxe":1,"stat.pickup.minecraft.cobblestone":183,"stat.mineBlock.minecraft.carpet":1,"stat.useItem.thaumcraft.plank_silverwood":16,"stat.useItem.minecraft.stone_shovel":506,"stat.flyOneCm":1703876,"stat.pickup.minecraft.sandstone":2,"stat.pickup.minecraft.fish":1,"stat.drop.minecraft.wheat_seeds":2,"stat.craftItem.minecraft.wooden_slab":54,"stat.mineBlock.minecraft.iron_ore":37,"stat.timeSinceDeath":3289,"stat.pickup.minecraft.mutton":43,"stat.craftItem.minecraft.stonebrick":4,"stat.drop.minecraft.dirt":2,"stat.pickup.minecraft.carpet":1,"stat.mineBlock.minecraft.coal_ore":32,"stat.talkedToVillager":102,"stat.pickup.minecraft.string":2,"stat.pickup.comforts.sleeping_bag":2,"stat.pickup.tombstone.crafting_ingredient":1,"stat.craftItem.minecraft.stone_slab2":0,"stat.pickup.thaumcraft.shimmerleaf":2,"stat.pickup.vampirism.holy_water_bottle":1,"stat.useItem.minecraft.written_book":1,"stat.sprintOneCm":485201,"stat.drop.minecraft.leather":2,"stat.craftItem.minecraft.stick":44,"stat.craftItem.minecraft.wooden_axe":5,"stat.craftItem.minecraft.stone":16,"stat.pickup.thaumcraft.plank_silverwood":54,"stat.mineBlock.minecraft.crafting_table":3,"stat.useItem.minecraft.wooden_shovel":59,"stat.drop.minecraft.boat":2,"stat.drop":63,"stat.killEntity.Sheep":14,"stat.pickup.tombstone.grave_key":1,"stat.killEntity.Zombie":5,"stat.pickup.minecraft.snowball":405,"stat.diveOneCm":23198,"stat.killEntity.BrainyZombie":1,"stat.pickup.minecraft.gravel":28,"stat.pickup.vampirism.hunter_table":1,"stat.entityKilledBy.PolarBear":1,"stat.jump":7809,"stat.useItem.minecraft.sand":1,"stat.pickup.minecraft.coal":48,"stat.craftItem.minecolonies.blockhutcitizen":1,"stat.mineBlock.minecolonies.blockhutfarmer":3,"stat.useItem.minecraft.stone_axe":16,"stat.pickup.minecraft.gunpowder":2,"stat.mineBlock.minecolonies.blockhutcitizen":2,"stat.craftItem.minecraft.torch":16,"stat.pickup.minecraft.dirt":229,"stat.pickup.vampirism.vampire_fang":1,"stat.craftItem.comforts.sleeping_bag":1,"stat.pickup.minecraft.iron_ore":42,"stat.boatOneCm":348444,"stat.craftItem.minecraft.flint_and_steel":1,"stat.mineBlock.minecraft.glass_pane":2,"stat.brewingstandInteraction":1,"stat.damageTaken":10115,"stat.pickup.minecraft.leather":27,"stat.mineBlock.minecraft.red_flower":71,"stat.pickup.minecraft.reeds":27,"tombstone:undead_killed":6,"stat.pickup.minecraft.potato":31,"stat.killEntity.bouncy_creepers.bouncy_creeper":1,"stat.damageDealt":4605,"stat.sleepInBed":22,"stat.craftItem.mca.matchmakers_ring":2,"stat.killEntity.Pig":13,"stat.craftItem.minecraft.stone_slab":24,"stat.pickup.minecraft.boat":2,"stat.craftItem.minecraft.stone_shovel":5,"stat.walkOneCm":664739,"stat.playerKills":3,"stat.pickup.minecraft.stick":64,"stat.craftItem.minecolonies.blockhutlumberjack":1,"stat.useItem.tombstone.gift":1,"stat.mineBlock.minecolonies.blockconstructiontape":10,"stat.pickup.minecraft.stone":1,"stat.mineBlock.minecraft.wool":2,"stat.mineBlock.thaumcraft.crystal_ignis":5,"stat.killEntity.Spider":1,"stat.craftItem.minecolonies.blockhutbuilder":2,"stat.craftItem.minecraft.spruce_fence":51,"stat.mobKills":48,"stat.mineBlock.minecraft.bookshelf":4,"stat.pickup.minecraft.quartz":1,"stat.pickup.thaumcraft.brain":1,"stat.craftItem.minecraft.spruce_stairs":52,"stat.mineBlock.minecraft.stone":175}