{"stat.walkOneCm":14640,"stat.pickup.dynamictrees.birchseed":3,"stat.pickup.minecraft.stick":9,"stat.leaveGame":9,"stat.pickup.minecraft.crafting_table":1,"stat.craftItem.minecraft.crafting_table":1,"stat.pickup.minecraft.log":12,"stat.jump":194,"stat.swimOneCm":2571,"stat.fallOneCm":5300,"stat.crouchOneCm":1271,"stat.pickup.minecraft.dirt":22,"stat.useItem.minecraft.dirt":7,"stat.sprintOneCm":16038,"stat.useItem.minecraft.stone_slab2":2,"stat.craftingTableInteraction":7,"stat.craftItem.minecraft.planks":40,"stat.useItem.minecraft.egg":1,"stat.craftItem.minecraft.stone_axe":1,"tombstone:sneak_grave":5,"stat.damageTaken":849,"stat.mineBlock.minecraft.crafting_table":1,"stat.craftItem.minecraft.stone_pickaxe":1,"stat.useItem.minecraft.wooden_pickaxe":32,"stat.pickup.minecraft.cobblestone":28,"stat.pickup.dynamictrees.oakseed":8,"stat.entityKilledBy.Creeper":1,"stat.flyOneCm":24099,"stat.deaths":6,"stat.pickup.minecraft.wheat_seeds":2,"stat.drop":5,"stat.pickup.minecraft.egg":1,"stat.playOneMinute":20178,"stat.entityKilledBy.Zombie":1,"stat.drop.tombstone.grave_key":5,"stat.pickup.tombstone.grave_key":3,"stat.sneakTime":892,"stat.damageDealt":12,"stat.timeSinceDeath":1557,"stat.pickup.minecraft.yellow_flower":1,"stat.mineBlock.minecraft.dirt":4,"stat.craftItem.minecraft.wooden_pickaxe":2,"stat.mineBlock.minecraft.stone":28,"stat.entityKilledBy.vampirism.vampire":1,"stat.diveOneCm":31642}