{"stat.pickup.betteranimalsplus.antler":2,"stat.mineBlock.thaumcraft.leaves_silverwood":26,"stat.leaveGame":26,"stat.mineBlock.thaumcraft.ore_quartz":1,"stat.killEntity.betteranimalsplus.goat":7,"stat.pickup.betteranimalsplus.goose_egg":2,"stat.killEntity.trumpetskeleton.TrumpetSkeleton":1,"stat.mineBlock.minecraft.sandstone":3,"stat.craftItem.minecraft.shield":1,"stat.pickup.minecraft.porkchop":13,"stat.pickup.minecolonies.blockhutfarmer":2,"stat.useItem.minecraft.water_bucket":22,"stat.pickup.minecraft.rotten_flesh":10,"stat.pickup.minecraft.sand":9,"stat.craftItem.minecraft.stone_axe":19,"stat.craftItem.structurize.sceptergold":2,"stat.pickup.dynamictrees.spruceseed":1,"stat.mineBlock.minecraft.snow_layer":2,"stat.mineBlock.minecraft.sand":9,"stat.craftItem.minecraft.wooden_hoe":3,"stat.craftItem.minecraft.wooden_pickaxe":1,"stat.mineBlock.thaumcraft.log_silverwood":4,"stat.pickup.minecraft.double_plant":4,"stat.craftItem.minecraft.bed":1,"stat.furnaceInteraction":55,"stat.pickup.minecraft.beef":7,"stat.pickup.minecraft.furnace":2,"stat.useItem.minecraft.cooked_mutton":14,"stat.pickup.tombstone.magic_scroll":1,"stat.mineBlock.thaumcraft.vishroom":1,"stat.craftItem.thaumcraft.plank_silverwood":20,"stat.craftItem.toughasnails.canteen":1,"stat.mineBlock.minecraft.fence":9,"stat.pickup.thaumcraft.crystal_essence":2,"stat.useItem.minecraft.wheat_seeds":17,"stat.pickup.thaumcraft.nugget":1,"stat.pickup.dynamictrees.oakseed":76,"stat.useItem.minecraft.dye":5,"stat.deaths":25,"stat.pickup.minecraft.egg":5,"stat.playOneMinute":558464,"stat.craftItem.minecraft.wooden_shovel":4,"stat.pickup.minecraft.iron_bars":3,"stat.pickup.toughasnails.canteen":5,"stat.mineBlock.minecraft.tallgrass":163,"stat.craftItem.minecraft.cooked_mutton":32,"stat.craftItem.minecolonies.blockhutfarmer":1,"stat.chestOpened":2,"stat.useItem.minecraft.stone":1,"stat.pickup.thaumcraft.log_silverwood":5,"stat.mineBlock.minecraft.ice":8,"stat.pickup.betteranimalsplus.venisonraw":1,"stat.pickup.thaumcraft.sapling_greatwood":2,"stat.fallOneCm":287075,"stat.drop.toughasnails.canteen":5,"stat.drop.minecraft.dye":1,"stat.crouchOneCm":9847,"stat.craftItem.minecraft.iron_ingot":9,"stat.killEntity.betteranimalsplus.eel_saltwater":1,"stat.craftingTableInteraction":130,"stat.pickup.minecraft.feather":5,"stat.useItem.minecraft.furnace":1,"stat.mineBlock.minecolonies.blockhutfield":1,"stat.pickup.minecraft.dye":4,"stat.pickup.minecraft.planks":7,"stat.pickup.minecraft.wheat_seeds":170,"stat.mineBlock.minecraft.gravel":96,"stat.useItem.minecraft.stone_pickaxe":329,"stat.craftItem.minecraft.oak_stairs":64,"stat.mineBlock.minecraft.dirt":1398,"stat.pickup.minecraft.poisonous_potato":1,"stat.pickup.toughasnails.ice_cube":2,"stat.useItem.minecraft.iron_bars":3,"stat.useItem.minecraft.torch":17,"stat.drop.thaumcraft.vishroom":1,"stat.pickup.minecolonies.blockhutfield":1,"stat.pickup.minecraft.crafting_table":11,"stat.useItem.minecraft.log":1,"stat.useItem.minecraft.cobblestone":4,"stat.craftItem.minecraft.crafting_table":6,"stat.mineBlock.minecraft.double_plant":15,"stat.craftItem.minecraft.boat":8,"stat.pickup.structurize.sceptergold":2,"stat.useItem.dynamictrees.oakseed":1,"stat.pickup.minecraft.log":368,"stat.mineBlock.thaumcraft.crystal_terra":1,"stat.craftItem.minecolonies.blockminecoloniesrack":6,"stat.craftItem.usefulbackpacks.backpack":4,"stat.pickup.minecraft.chicken":5,"stat.pickup.minecraft.chainmail_leggings":1,"stat.pickup.thaumcraft.vishroom":2,"stat.pickup.minecraft.apple":10,"stat.craftItem.minecolonies.blockhutminer":2,"stat.drop.dynamictrees.oakseed":20,"stat.craftItem.minecraft.bucket":1,"stat.craftItem.minecraft.planks":1116,"stat.craftItem.minecraft.dirt":88,"stat.drop.comforts.sleeping_bag":2,"stat.craftItem.minecolonies.supplychestdeployer":1,"stat.drop.thaumcraft.crystal_essence":2,"stat.pickup.minecraft.book":33,"stat.mineBlock.minecraft.log":58,"stat.craftItem.minecraft.wooden_door":3,"stat.useItem.minecraft.stone_hoe":81,"stat.pickup.minecraft.red_flower":12,"stat.sneakTime":4639,"stat.pickup.thaumcraft.amber":8,"stat.pickup.minecraft.wool":28,"stat.pickup.minecraft.yellow_flower":5,"stat.pickup.minecraft.bone":2,"stat.entityKilledBy.betteranimalsplus.shark":1,"stat.mineBlock.minecraft.cobblestone":6,"stat.pickup.minecraft.flint":13,"stat.mineBlock.minecraft.yellow_flower":1,"stat.craftItem.minecraft.wool":3,"stat.swimOneCm":87702,"stat.climbOneCm":5384,"stat.mineBlock.thaumcraft.ore_amber":3,"stat.mineBlock.thaumcraft.sapling_greatwood":1,"stat.useItem.minecraft.dirt":117,"stat.useItem.minecraft.stone_slab2":102,"stat.craftItem.minecraft.furnace":3,"stat.useItem.minecolonies.scepterlumberjack":4,"stat.useItem.minecraft.egg":1,"stat.craftItem.minecraft.stone_pickaxe":11,"stat.craftItem.minecraft.cooked_beef":4,"stat.pickup.minecraft.cobblestone":242,"stat.useItem.minecraft.stone_shovel":1421,"stat.flyOneCm":2590701,"stat.craftItem.minecraft.glass_bottle":3,"stat.pickup.minecraft.sandstone":3,"stat.killEntity.betteranimalsplus.deer":1,"stat.drop.minecraft.wheat_seeds":25,"stat.mineBlock.minecolonies.blockhutminer":1,"stat.useItem.minecraft.cooked_beef":7,"stat.craftItem.minecraft.wooden_slab":252,"stat.mineBlock.minecraft.iron_ore":15,"stat.timeSinceDeath":119327,"stat.pickup.minecraft.mutton":70,"stat.useItem.minecraft.potato":217,"stat.drop.minecraft.iron_bars":1,"stat.drop.minecraft.dirt":14,"stat.mineBlock.minecraft.coal_ore":63,"stat.talkedToVillager":139,"stat.craftItem.minecraft.stone_hoe":2,"stat.craftItem.minecolonies.blockhutcook":1,"stat.pickup.minecraft.string":1,"stat.pickup.comforts.sleeping_bag":12,"stat.entityKilledBy.Skeleton":2,"stat.craftItem.minecraft.stone_slab2":0,"stat.useItem.minecraft.written_book":1,"stat.killEntity.Squid":1,"stat.sprintOneCm":552467,"stat.craftItem.minecraft.stick":304,"stat.craftItem.minecraft.wooden_axe":5,"stat.craftItem.minecraft.stone":23,"stat.useItem.minecraft.snowball":2,"stat.mineBlock.minecraft.crafting_table":11,"stat.useItem.minecraft.wooden_shovel":66,"stat.drop":45,"stat.drop.tombstone.grave_key":3,"stat.killEntity.Sheep":28,"stat.killEntity.Zombie":4,"stat.craftItem.minecraft.dye":12,"stat.pickup.minecraft.snowball":4,"stat.diveOneCm":65619,"stat.pickup.minecraft.wheat":60,"stat.craftItem.minecraft.ladder":48,"stat.pickup.minecraft.gravel":81,"stat.useItem.minecraft.glass_bottle":24,"stat.pickup.minecraft.stone_axe":1,"stat.useItem.minecraft.potion":22,"stat.drop.minecraft.sandstone":2,"stat.jump":13084,"stat.useItem.minecraft.wooden_hoe":84,"stat.pickup.minecraft.fence":9,"stat.pickup.minecraft.coal":63,"stat.pickup.minecraft.iron_ingot":1,"stat.craftItem.minecolonies.blockhutcitizen":1,"stat.mineBlock.minecolonies.blockhutfarmer":2,"stat.useItem.minecraft.stone_axe":325,"stat.craftItem.minecraft.torch":44,"stat.pickup.minecraft.dirt":1346,"stat.craftItem.comforts.sleeping_bag":2,"stat.pickup.minecraft.iron_ore":9,"stat.pickup.minecraft.stone_shovel":2,"stat.boatOneCm":763621,"stat.mineBlock.minecraft.iron_bars":3,"stat.mineBlock.minecraft.glass_pane":2,"stat.damageTaken":5602,"stat.pickup.minecraft.leather":21,"stat.craftItem.minecraft.iron_bars":16,"stat.mineBlock.minecraft.furnace":2,"stat.mineBlock.minecraft.torch":4,"stat.mineBlock.minecraft.red_flower":6,"stat.useItem.minecraft.wooden_pickaxe":12,"stat.pickup.minecraft.reeds":7,"tombstone:undead_killed":5,"stat.pickup.minecraft.potato":491,"stat.entityKilledBy.Zombie":1,"stat.damageDealt":7730,"stat.craftItem.minecraft.glass":3,"stat.sleepInBed":47,"stat.craftItem.minecraft.baked_potato":84,"stat.killEntity.Cow":4,"stat.useItem.minecraft.crafting_table":1,"stat.killEntity.Pig":6,"stat.craftItem.minecraft.stone_shovel":28,"stat.pickup.minecraft.boat":13,"stat.walkOneCm":1331000,"stat.playerKills":2,"stat.pickup.dynamictrees.birchseed":2,"stat.pickup.minecraft.stick":125,"stat.craftItem.minecolonies.blockhutlumberjack":1,"stat.pickup.minecolonies.blockhutminer":1,"stat.craftItem.minecolonies.blockhutfield":1,"stat.useItem.tombstone.gift":1,"stat.mineBlock.minecolonies.blockconstructiontape":68,"stat.pickup.minecraft.stone":24,"stat.drop.minecraft.potato":17,"stat.craftItem.minecraft.hay_block":6,"stat.drop.minecraft.egg":3,"stat.pickup.vampirism.hunter_coat_head":1,"stat.killEntity.Chicken":5,"stat.killEntity.Spider":1,"stat.craftItem.minecolonies.blockhutbuilder":1,"stat.craftItem.minecraft.spruce_fence":72,"stat.mobKills":60,"stat.mineBlock.minecraft.bookshelf":11,"stat.pickup.minecraft.quartz":1,"stat.craftItem.minecraft.fence":123,"stat.useItem.minecraft.boat":15,"stat.pickup.minecraft.torch":5,"stat.pickup.thaumcraft.brain":1,"stat.craftItem.minecraft.spruce_stairs":16,"stat.mineBlock.minecraft.stone":242,"stat.useItem.minecraft.sandstone":1}