{
  "minecraft:recipes/tools/fishing_rod": {
    "criteria": {
      "has_string": "2024-09-06 02:25:54 +0000"
    },
    "done": true
  },
  "minecraft:recipes/decorations/purple_stained_glass_pane": {
    "criteria": {
      "has_glass": "2024-09-06 01:54:25 +0000"
    },
    "done": true
  },
  "minecraft:recipes/building_blocks/black_stained_glass": {
    "criteria": {
      "has_glass": "2024-09-06 01:54:25 +0000"
    },
    "done": true
  },
  "minecraft:recipes/building_blocks/purple_wool": {
    "criteria": {
      "has_white_wool": "2024-09-06 02:16:16 +0000"
    },
    "done": true
  },
  "tombstone:tutorial/first_knowledge": {
    "criteria": {
      "coded_trigger": "2024-09-06 01:48:07 +0000"
    },
    "done": true
  },
  "minecraft:recipes/redstone/lever": {
    "criteria": {
      "has_cobblestone": "2024-09-06 01:49:17 +0000"
    },
    "done": true
  },
  "minecraft:recipes/building_blocks/magenta_concrete_powder": {
    "criteria": {
      "has_sand": "2024-09-06 01:53:13 +0000"
    },
    "done": true
  },
  "biomesoplenty:recipes/buildingblocks/coarse_silty_dirt": {
    "criteria": {
      "has_gravel": "2024-09-07 00:32:52 +0000"
    },
    "done": true
  },
  "minecraft:recipes/combat/iron_sword": {
    "criteria": {
      "has_iron_ingot": "2024-09-06 02:40:37 +0000"
    },
    "done": true
  },
  "minecraft:recipes/redstone/observer": {
    "criteria": {
      "has_quartz": "2024-09-06 20:03:15 +0000"
    },
    "done": true
  },
  "minecraft:recipes/misc/writable_book": {
    "criteria": {
      "has_book": "2024-09-06 03:24:58 +0000"
    },
    "done": true
  },
  "minecraft:recipes/building_blocks/oak_wooden_slab": {
    "criteria": {
      "has_planks": "2024-09-06 01:48:29 +0000"
    },
    "done": true
  },
  "minecraft:recipes/redstone/spruce_door": {
    "criteria": {
      "has_planks": "2024-09-07 02:20:45 +0000"
    },
    "done": true
  },
  "minecraft:recipes/misc/wheat": {
    "criteria": {
      "has_the_recipe": "2024-09-06 20:34:52 +0000"
    },
    "done": true
  },
  "minecraft:recipes/building_blocks/snow": {
    "criteria": {
      "has_snowball": "2024-09-07 00:33:29 +0000"
    },
    "done": true
  },
  "minecraft:recipes/decorations/white_bed": {
    "criteria": {
      "has_white_wool": "2024-09-06 02:16:16 +0000"
    },
    "done": true
  },
  "minecraft:recipes/building_blocks/lime_concrete_powder": {
    "criteria": {
      "has_sand": "2024-09-06 01:53:13 +0000"
    },
    "done": true
  },
  "minecraft:recipes/building_blocks/gray_stained_glass": {
    "criteria": {
      "has_glass": "2024-09-06 01:54:25 +0000"
    },
    "done": true
  },
  "minecraft:recipes/tools/iron_pickaxe": {
    "criteria": {
      "has_iron_ingot": "2024-09-06 02:40:37 +0000"
    },
    "done": true
  },
  "minecraft:recipes/building_blocks/yellow_concrete_powder": {
    "criteria": {
      "has_sand": "2024-09-06 01:53:13 +0000"
    },
    "done": true
  },
  "minecraft:recipes/redstone/spruce_fence_gate": {
    "criteria": {
      "has_planks": "2024-09-07 02:20:45 +0000"
    },
    "done": true
  },
  "biomesoplenty:recipes/decorations/sign_from_bop_wood": {
    "criteria": {
      "has_the_recipe": "2024-09-05 23:28:07 +0000"
    },
    "done": true
  },
  "minecraft:recipes/combat/leather_helmet": {
    "criteria": {
      "has_leather": "2024-09-06 02:14:20 +0000"
    },
    "done": true
  },
  "minecraft:recipes/decorations/crafting_table": {
    "criteria": {
      "has_planks": "2024-09-05 23:28:07 +0000"
    },
    "done": true
  },
  "minecraft:recipes/building_blocks/magenta_wool": {
    "criteria": {
      "has_white_wool": "2024-09-06 02:16:16 +0000"
    },
    "done": true
  },
  "minecraft:recipes/building_blocks/purple_stained_glass": {
    "criteria": {
      "has_glass": "2024-09-06 01:54:25 +0000"
    },
    "done": true
  },
  "minecraft:recipes/food/bread": {
    "criteria": {
      "has_wheat": "2024-09-06 03:46:01 +0000"
    },
    "done": true
  },
  "minecraft:recipes/redstone/trapdoor": {
    "criteria": {
      "has_planks": "2024-09-05 23:28:07 +0000"
    },
    "done": true
  },
  "minecraft:recipes/decorations/ladder": {
    "criteria": {
      "has_stick": "2024-09-05 23:25:59 +0000"
    },
    "done": true
  },
  "minecraft:recipes/decorations/lime_stained_glass_pane": {
    "criteria": {
      "has_glass": "2024-09-06 01:54:25 +0000"
    },
    "done": true
  },
  "minecraft:recipes/misc/iron_nugget": {
    "criteria": {
      "has_iron_ingot": "2024-09-06 02:40:37 +0000"
    },
    "done": true
  },
  "minecraft:recipes/decorations/chest": {
    "criteria": {
      "has_lots_of_items": "2024-09-06 01:51:16 +0000"
    },
    "done": true
  },
  "minecraft:recipes/building_blocks/brown_concrete_powder": {
    "criteria": {
      "has_sand": "2024-09-06 01:53:13 +0000"
    },
    "done": true
  },
  "minecraft:recipes/decorations/magenta_stained_glass_pane": {
    "criteria": {
      "has_glass": "2024-09-06 01:54:25 +0000"
    },
    "done": true
  },
  "minecraft:recipes/tools/wooden_shovel": {
    "criteria": {
      "has_stick": "2024-09-05 23:25:59 +0000"
    },
    "done": true
  },
  "minecraft:recipes/decorations/torch": {
    "criteria": {
      "has_stone_pickaxe": "2024-09-06 01:49:59 +0000"
    },
    "done": true
  },
  "minecraft:recipes/decorations/cyan_stained_glass_pane": {
    "criteria": {
      "has_glass": "2024-09-06 01:54:25 +0000"
    },
    "done": true
  },
  "minecraft:recipes/building_blocks/blue_stained_glass": {
    "criteria": {
      "has_glass": "2024-09-06 01:54:25 +0000"
    },
    "done": true
  },
  "minecraft:recipes/building_blocks/cyan_wool": {
    "criteria": {
      "has_white_wool": "2024-09-06 02:16:16 +0000"
    },
    "done": true
  },
  "minecraft:recipes/tools/shears": {
    "criteria": {
      "has_iron_ingot": "2024-09-06 02:40:37 +0000"
    },
    "done": true
  },
  "minecraft:recipes/misc/stick": {
    "criteria": {
      "has_planks": "2024-09-05 23:28:07 +0000"
    },
    "done": true
  },
  "minecraft:recipes/decorations/sign": {
    "criteria": {
      "has_planks": "2024-09-05 23:28:07 +0000"
    },
    "done": true
  },
  "minecraft:recipes/transportation/spruce_boat": {
    "criteria": {
      "entered_water": "2024-09-05 23:26:06 +0000"
    },
    "done": true
  },
  "minecraft:recipes/building_blocks/diorite": {
    "criteria": {
      "has_quartz": "2024-09-06 20:03:15 +0000"
    },
    "done": true
  },
  "minecolonies:minecolonies/complete_build_request_1_miner": {
    "criteria": {
      "miners_hut": "2024-09-07 02:10:49 +0000"
    },
    "done": true
  },
  "minecraft:recipes/tools/flint_and_steel": {
    "criteria": {
      "has_flint": "2024-09-07 00:32:52 +0000"
    },
    "done": true
  },
  "biomesoplenty:recipes/transportation/boat_ethereal": {
    "criteria": {
      "entered_water": "2024-09-05 23:26:06 +0000"
    },
    "done": true
  },
  "minecraft:recipes/misc/pink_dye_from_red_bonemeal": {
    "criteria": {
      "has_bonemeal": "2024-09-06 20:15:37 +0000"
    },
    "done": true
  },
  "minecraft:recipes/food/cake": {
    "criteria": {
      "has_egg": "2024-09-06 01:47:04 +0000"
    },
    "done": true
  },
  "minecraft:recipes/building_blocks/gray_wool": {
    "criteria": {
      "has_white_wool": "2024-09-06 02:16:16 +0000"
    },
    "done": true
  },
  "minecraft:recipes/combat/iron_leggings": {
    "criteria": {
      "has_iron_ingot": "2024-09-06 02:40:37 +0000"
    },
    "done": true
  },
  "minecraft:recipes/building_blocks/sandstone_stairs": {
    "criteria": {
      "has_sandstone": "2024-09-06 02:37:11 +0000"
    },
    "done": true
  },
  "minecraft:husbandry/balanced_diet": {
    "criteria": {
      "cooked_mutton": "2024-09-06 21:01:21 +0000",
      "cooked_beef": "2024-09-06 02:21:42 +0000"
    },
    "done": false
  },
  "minecraft:recipes/tools/wooden_hoe": {
    "criteria": {
      "has_stick": "2024-09-05 23:25:59 +0000"
    },
    "done": true
  },
  "tombstone:recipes/from_grave_key": {
    "criteria": {
      "has_ingredient": "2024-09-06 01:46:38 +0000"
    },
    "done": true
  },
  "minecraft:recipes/combat/shield": {
    "criteria": {
      "has_iron_ingot": "2024-09-06 02:40:37 +0000"
    },
    "done": true
  },
  "minecraft:recipes/building_blocks/cobblestone_slab": {
    "criteria": {
      "has_cobblestone": "2024-09-06 01:49:17 +0000"
    },
    "done": true
  },
  "minecraft:recipes/misc/bucket": {
    "criteria": {
      "has_iron_ingot": "2024-09-06 02:40:37 +0000"
    },
    "done": true
  },
  "minecraft:recipes/decorations/gray_bed": {
    "criteria": {
      "has_gray_wool": "2024-09-06 02:18:58 +0000"
    },
    "done": true
  },
  "minecraft:recipes/redstone/hopper": {
    "criteria": {
      "has_iron_ingot": "2024-09-06 02:40:37 +0000"
    },
    "done": true
  },
  "minecraft:recipes/building_blocks/coarse_dirt": {
    "criteria": {
      "has_gravel": "2024-09-07 00:32:52 +0000"
    },
    "done": true
  },
  "minecraft:recipes/decorations/orange_stained_glass_pane": {
    "criteria": {
      "has_glass": "2024-09-06 01:54:25 +0000"
    },
    "done": true
  },
  "minecraft:recipes/redstone/fence_gate": {
    "criteria": {
      "has_planks": "2024-09-06 01:48:29 +0000"
    },
    "done": true
  },
  "biomesoplenty:recipes/transportation/boat_mangrove": {
    "criteria": {
      "entered_water": "2024-09-05 23:26:06 +0000"
    },
    "done": true
  },
  "minecraft:recipes/decorations/white_banner": {
    "criteria": {
      "has_white_wool": "2024-09-06 02:16:16 +0000"
    },
    "done": true
  },
  "minecraft:recipes/building_blocks/light_gray_concrete_powder": {
    "criteria": {
      "has_sand": "2024-09-06 01:53:13 +0000"
    },
    "done": true
  },
  "minecraft:recipes/building_blocks/light_blue_concrete_powder": {
    "criteria": {
      "has_sand": "2024-09-06 01:53:13 +0000"
    },
    "done": true
  },
  "betteranimalsplus:shark_target_player": {
    "criteria": {
      "targeted": "2024-09-06 03:17:48 +0000"
    },
    "done": true
  },
  "biomesoplenty:recipes/transportation/boat_eucalyptus": {
    "criteria": {
      "entered_water": "2024-09-05 23:26:06 +0000"
    },
    "done": true
  },
  "minecraft:recipes/misc/lime_dye": {
    "criteria": {
      "has_bonemeal": "2024-09-06 20:15:37 +0000"
    },
    "done": true
  },
  "minecraft:recipes/building_blocks/hay_block": {
    "criteria": {
      "has_at_least_9_wheat": "2024-09-06 20:34:52 +0000"
    },
    "done": true
  },
  "minecraft:recipes/combat/leather_leggings": {
    "criteria": {
      "has_leather": "2024-09-06 02:14:20 +0000"
    },
    "done": true
  },
  "minecraft:recipes/combat/iron_helmet": {
    "criteria": {
      "has_iron_ingot": "2024-09-06 02:40:37 +0000"
    },
    "done": true
  },
  "minecraft:recipes/building_blocks/pink_concrete_powder": {
    "criteria": {
      "has_sand": "2024-09-06 01:53:13 +0000"
    },
    "done": true
  },
  "minecraft:recipes/combat/bow": {
    "criteria": {
      "has_string": "2024-09-06 02:25:54 +0000"
    },
    "done": true
  },
  "minecraft:recipes/building_blocks/sandstone_slab": {
    "criteria": {
      "has_sandstone": "2024-09-06 02:37:11 +0000"
    },
    "done": true
  },
  "minecraft:recipes/decorations/black_stained_glass_pane": {
    "criteria": {
      "has_glass": "2024-09-06 01:54:25 +0000"
    },
    "done": true
  },
  "minecolonies:minecolonies/citizen_eat_food_first": {
    "criteria": {
      "citizen_eat_anything": "2024-09-06 20:14:33 +0000"
    },
    "done": true
  },
  "minecraft:recipes/building_blocks/smooth_sandstone": {
    "criteria": {
      "has_sandstone": "2024-09-06 02:37:11 +0000"
    },
    "done": true
  },
  "minecraft:recipes/building_blocks/yellow_stained_glass": {
    "criteria": {
      "has_glass": "2024-09-06 01:54:25 +0000"
    },
    "done": true
  },
  "minecraft:recipes/building_blocks/granite": {
    "criteria": {
      "has_quartz": "2024-09-06 20:03:15 +0000"
    },
    "done": true
  },
  "minecraft:recipes/building_blocks/purple_concrete_powder": {
    "criteria": {
      "has_sand": "2024-09-06 01:53:13 +0000"
    },
    "done": true
  },
  "minecraft:recipes/decorations/iron_bars": {
    "criteria": {
      "has_iron_ingot": "2024-09-06 02:40:37 +0000"
    },
    "done": true
  },
  "minecolonies:minecolonies/complete_build_request_1_lumberjack": {
    "criteria": {
      "lumberjacks_hut": "2024-09-07 01:44:26 +0000"
    },
    "done": true
  },
  "minecraft:recipes/misc/sugar": {
    "criteria": {
      "has_reeds": "2024-09-06 02:55:04 +0000"
    },
    "done": true
  },
  "biomesoplenty:recipes/decorations/crafting_table_from_bop_wood": {
    "criteria": {
      "has_the_recipe": "2024-09-05 23:28:07 +0000"
    },
    "done": true
  },
  "minecraft:recipes/misc/red_dye_from_rose_bush": {
    "criteria": {
      "has_double_plant": "2024-09-06 01:55:45 +0000"
    },
    "done": true
  },
  "minecraft:recipes/building_blocks/blue_wool": {
    "criteria": {
      "has_white_wool": "2024-09-06 02:16:16 +0000"
    },
    "done": true
  },
  "minecraft:recipes/redstone/comparator": {
    "criteria": {
      "has_quartz": "2024-09-06 20:03:15 +0000"
    },
    "done": true
  },
  "biomesoplenty:recipes/redstone/trapdoor_from_bop_wood": {
    "criteria": {
      "has_the_recipe": "2024-09-05 23:28:07 +0000"
    },
    "done": true
  },
  "minecraft:story/mine_stone": {
    "criteria": {
      "get_stone": "2024-09-06 01:49:17 +0000"
    },
    "done": true
  },
  "minecraft:recipes/decorations/furnace": {
    "criteria": {
      "has_cobblestone": "2024-09-06 01:49:17 +0000"
    },
    "done": true
  },
  "minecraft:recipes/transportation/minecart": {
    "criteria": {
      "has_iron_ingot": "2024-09-06 02:40:37 +0000"
    },
    "done": true
  },
  "minecraft:recipes/brewing/cauldron": {
    "criteria": {
      "has_water_bucket": "2024-09-06 20:13:11 +0000"
    },
    "done": true
  },
  "minecraft:recipes/decorations/gray_stained_glass_pane": {
    "criteria": {
      "has_glass": "2024-09-06 01:54:25 +0000"
    },
    "done": true
  },
  "minecraft:recipes/building_blocks/sandstone": {
    "criteria": {
      "has_sand": "2024-09-06 01:53:13 +0000"
    },
    "done": true
  },
  "minecraft:recipes/building_blocks/red_stained_glass": {
    "criteria": {
      "has_glass": "2024-09-06 01:54:25 +0000"
    },
    "done": true
  },
  "minecraft:adventure/sleep_in_bed": {
    "criteria": {
      "slept_in_bed": "2024-09-06 02:24:56 +0000"
    },
    "done": true
  },
  "minecraft:recipes/building_blocks/spruce_planks": {
    "criteria": {
      "has_log": "2024-09-06 03:47:36 +0000"
    },
    "done": true
  },
  "minecraft:recipes/decorations/green_stained_glass_pane": {
    "criteria": {
      "has_glass": "2024-09-06 01:54:25 +0000"
    },
    "done": true
  },
  "minecraft:recipes/building_blocks/orange_wool": {
    "criteria": {
      "has_white_wool": "2024-09-06 02:16:16 +0000"
    },
    "done": true
  },
  "minecraft:recipes/tools/wooden_pickaxe": {
    "criteria": {
      "has_stick": "2024-09-05 23:25:59 +0000"
    },
    "done": true
  },
  "minecraft:recipes/tools/iron_hoe": {
    "criteria": {
      "has_iron_ingot": "2024-09-06 02:40:37 +0000"
    },
    "done": true
  },
  "minecraft:husbandry/root": {
    "criteria": {
      "consumed_item": "2024-09-06 01:54:38 +0000"
    },
    "done": true
  },
  "minecraft:recipes/transportation/birch_boat": {
    "criteria": {
      "entered_water": "2024-09-05 23:26:06 +0000"
    },
    "done": true
  },
  "minecraft:recipes/building_blocks/oak_stairs": {
    "criteria": {
      "has_planks": "2024-09-06 01:48:29 +0000"
    },
    "done": true
  },
  "cfm:install": {
    "criteria": {
      "tick": "2024-09-05 23:24:31 +0000"
    },
    "done": true
  },
  "minecraft:recipes/building_blocks/green_concrete_powder": {
    "criteria": {
      "has_sand": "2024-09-06 01:53:13 +0000"
    },
    "done": true
  },
  "tombstone:tutorial/easy_opening": {
    "criteria": {
      "coded_trigger": "2024-09-06 02:10:18 +0000"
    },
    "done": true
  },
  "minecraft:recipes/misc/light_gray_dye_from_ink_bonemeal": {
    "criteria": {
      "has_bonemeal": "2024-09-06 20:15:37 +0000"
    },
    "done": true
  },
  "minecolonies:minecolonies/create_build_request_1_builder": {
    "criteria": {
      "builder_request": "2024-09-06 18:55:33 +0000"
    },
    "done": true
  },
  "minecraft:recipes/transportation/acacia_boat": {
    "criteria": {
      "entered_water": "2024-09-05 23:26:06 +0000"
    },
    "done": true
  },
  "minecraft:recipes/tools/iron_shovel": {
    "criteria": {
      "has_iron_ingot": "2024-09-06 02:40:37 +0000"
    },
    "done": true
  },
  "minecraft:recipes/redstone/iron_trapdoor": {
    "criteria": {
      "has_iron_ingot": "2024-09-06 02:40:37 +0000"
    },
    "done": true
  },
  "biomesoplenty:recipes/transportation/boat_redwood": {
    "criteria": {
      "entered_water": "2024-09-05 23:26:06 +0000"
    },
    "done": true
  },
  "minecraft:recipes/building_blocks/orange_stained_glass": {
    "criteria": {
      "has_glass": "2024-09-06 01:54:25 +0000"
    },
    "done": true
  },
  "minecraft:adventure/root": {
    "criteria": {
      "killed_something": "2024-09-06 01:54:01 +0000"
    },
    "done": true
  },
  "minecraft:recipes/building_blocks/white_concrete_powder": {
    "criteria": {
      "has_sand": "2024-09-06 01:53:13 +0000"
    },
    "done": true
  },
  "minecraft:recipes/decorations/item_frame": {
    "criteria": {
      "has_leather": "2024-09-06 02:14:20 +0000"
    },
    "done": true
  },
  "minecraft:recipes/tools/stone_hoe": {
    "criteria": {
      "has_cobblestone": "2024-09-06 01:49:17 +0000"
    },
    "done": true
  },
  "minecraft:recipes/decorations/spruce_fence": {
    "criteria": {
      "has_the_recipe": "2024-09-07 02:20:45 +0000"
    },
    "done": true
  },
  "biomesoplenty:recipes/transportation/boat_umbran": {
    "criteria": {
      "entered_water": "2024-09-05 23:26:06 +0000"
    },
    "done": true
  },
  "tombstone:tutorial/cancel_ghostly_shape": {
    "criteria": {
      "coded_trigger": "2024-09-06 01:48:07 +0000"
    },
    "done": true
  },
  "minecraft:recipes/decorations/white_stained_glass_pane": {
    "criteria": {
      "has_glass": "2024-09-06 01:54:25 +0000"
    },
    "done": true
  },
  "minecraft:adventure/kill_all_mobs": {
    "criteria": {
      "zombie": "2024-09-06 04:00:39 +0000",
      "spider": "2024-09-06 02:25:52 +0000"
    },
    "done": false
  },
  "minecolonies:minecolonies/complete_build_request_1_farmer": {
    "criteria": {
      "farmers_hut": "2024-09-07 02:30:47 +0000"
    },
    "done": true
  },
  "minecraft:recipes/building_blocks/lime_stained_glass": {
    "criteria": {
      "has_glass": "2024-09-06 01:54:25 +0000"
    },
    "done": true
  },
  "minecraft:recipes/decorations/white_carpet": {
    "criteria": {
      "has_white_wool": "2024-09-06 02:16:16 +0000"
    },
    "done": true
  },
  "biomesoplenty:recipes/redstone/wooden_button_from_bop_wood": {
    "criteria": {
      "has_the_recipe": "2024-09-05 23:28:07 +0000"
    },
    "done": true
  },
  "minecraft:recipes/decorations/pink_stained_glass_pane": {
    "criteria": {
      "has_glass": "2024-09-06 01:54:25 +0000"
    },
    "done": true
  },
  "minecraft:recipes/misc/light_gray_dye_from_azure_bluet": {
    "criteria": {
      "has_red_flower": "2024-09-06 02:44:13 +0000"
    },
    "done": true
  },
  "minecraft:recipes/building_blocks/spruce_stairs": {
    "criteria": {
      "has_planks": "2024-09-07 02:20:45 +0000"
    },
    "done": true
  },
  "twilightforest:alt/compat/tc_aspects": {
    "criteria": {
      "crystal_essence": "2024-09-06 02:48:34 +0000"
    },
    "done": true
  },
  "tombstone:tutorial/first_grave": {
    "criteria": {
      "coded_trigger": "2024-09-06 01:46:36 +0000"
    },
    "done": true
  },
  "minecraft:recipes/redstone/birch_door": {
    "criteria": {
      "has_planks": "2024-09-05 23:28:07 +0000"
    },
    "done": true
  },
  "minecraft:recipes/decorations/glass_pane": {
    "criteria": {
      "has_glass": "2024-09-06 01:54:25 +0000"
    },
    "done": true
  },
  "biomesoplenty:recipes/transportation/boat_magic": {
    "criteria": {
      "entered_water": "2024-09-05 23:26:06 +0000"
    },
    "done": true
  },
  "minecraft:recipes/building_blocks/magenta_stained_glass": {
    "criteria": {
      "has_glass": "2024-09-06 01:54:25 +0000"
    },
    "done": true
  },
  "minecraft:story/upgrade_tools": {
    "criteria": {
      "stone_pickaxe": "2024-09-06 01:49:59 +0000"
    },
    "done": true
  },
  "biomesoplenty:recipes/transportation/boat_palm": {
    "criteria": {
      "entered_water": "2024-09-05 23:26:06 +0000"
    },
    "done": true
  },
  "minecraft:recipes/decorations/birch_fence": {
    "criteria": {
      "has_planks": "2024-09-05 23:28:07 +0000"
    },
    "done": true
  },
  "minecraft:recipes/building_blocks/light_blue_stained_glass": {
    "criteria": {
      "has_glass": "2024-09-06 01:54:25 +0000"
    },
    "done": true
  },
  "minecraft:recipes/building_blocks/orange_concrete_powder": {
    "criteria": {
      "has_sand": "2024-09-06 01:53:13 +0000"
    },
    "done": true
  },
  "minecraft:recipes/building_blocks/cyan_concrete_powder": {
    "criteria": {
      "has_sand": "2024-09-06 01:53:13 +0000"
    },
    "done": true
  },
  "minecraft:recipes/decorations/blue_stained_glass_pane": {
    "criteria": {
      "has_glass": "2024-09-06 01:54:25 +0000"
    },
    "done": true
  },
  "minecraft:recipes/tools/wooden_axe": {
    "criteria": {
      "has_stick": "2024-09-05 23:25:59 +0000"
    },
    "done": true
  },
  "minecraft:recipes/building_blocks/lime_wool": {
    "criteria": {
      "has_white_wool": "2024-09-06 02:16:16 +0000"
    },
    "done": true
  },
  "minecraft:recipes/misc/paper": {
    "criteria": {
      "has_reeds": "2024-09-06 02:55:04 +0000"
    },
    "done": true
  },
  "minecraft:recipes/misc/magenta_dye_from_lapis_ink_bonemeal": {
    "criteria": {
      "has_bonemeal": "2024-09-06 20:15:37 +0000"
    },
    "done": true
  },
  "minecraft:recipes/building_blocks/black_wool": {
    "criteria": {
      "has_white_wool": "2024-09-06 02:16:16 +0000"
    },
    "done": true
  },
  "minecraft:recipes/building_blocks/green_wool": {
    "criteria": {
      "has_white_wool": "2024-09-06 02:16:16 +0000"
    },
    "done": true
  },
  "minecraft:recipes/misc/light_blue_dye_from_lapis_bonemeal": {
    "criteria": {
      "has_bonemeal": "2024-09-06 20:15:37 +0000"
    },
    "done": true
  },
  "minecraft:recipes/brewing/glass_bottle": {
    "criteria": {
      "has_glass": "2024-09-06 01:54:25 +0000"
    },
    "done": true
  },
  "minecraft:recipes/building_blocks/brown_wool": {
    "criteria": {
      "has_white_wool": "2024-09-06 02:16:16 +0000"
    },
    "done": true
  },
  "biomesoplenty:recipes/transportation/boat_fir": {
    "criteria": {
      "entered_water": "2024-09-05 23:26:06 +0000"
    },
    "done": true
  },
  "minecraft:recipes/decorations/light_blue_stained_glass_pane": {
    "criteria": {
      "has_glass": "2024-09-06 01:54:25 +0000"
    },
    "done": true
  },
  "minecolonies:minecolonies/click_gui_button_fulfill": {
    "criteria": {
      "click_gui_button_fulfill": "2024-09-06 19:56:10 +0000"
    },
    "done": true
  },
  "tombstone:tutorial/find_grave_dust": {
    "criteria": {
      "has_grave_dust": "2024-09-06 01:48:20 +0000"
    },
    "done": true
  },
  "minecraft:recipes/misc/light_gray_dye_from_gray_bonemeal": {
    "criteria": {
      "has_bonemeal": "2024-09-06 20:15:37 +0000"
    },
    "done": true
  },
  "minecraft:recipes/decorations/light_gray_bed": {
    "criteria": {
      "has_light_gray_wool": "2024-09-06 02:16:41 +0000"
    },
    "done": true
  },
  "minecraft:recipes/decorations/painting": {
    "criteria": {
      "has_wool": "2024-09-06 02:16:16 +0000"
    },
    "done": true
  },
  "minecraft:recipes/building_blocks/white_stained_glass": {
    "criteria": {
      "has_glass": "2024-09-06 01:54:25 +0000"
    },
    "done": true
  },
  "biomesoplenty:recipes/transportation/boat_sacred_oak": {
    "criteria": {
      "entered_water": "2024-09-05 23:26:06 +0000"
    },
    "done": true
  },
  "minecraft:recipes/misc/red_dye_from_poppy": {
    "criteria": {
      "has_red_flower": "2024-09-06 03:32:13 +0000"
    },
    "done": true
  },
  "biomesoplenty:recipes/transportation/boat_pine": {
    "criteria": {
      "entered_water": "2024-09-05 23:26:06 +0000"
    },
    "done": true
  },
  "minecraft:recipes/redstone/wooden_pressure_plate": {
    "criteria": {
      "has_planks": "2024-09-05 23:28:07 +0000"
    },
    "done": true
  },
  "minecraft:recipes/combat/arrow": {
    "criteria": {
      "has_feather": "2024-09-06 01:54:02 +0000"
    },
    "done": true
  },
  "minecraft:recipes/building_blocks/stone_slab": {
    "criteria": {
      "has_stone": "2024-09-07 01:09:49 +0000"
    },
    "done": true
  },
  "minecraft:recipes/building_blocks/coal_block": {
    "criteria": {
      "has_at_least_9_coal": "2024-09-06 01:51:33 +0000"
    },
    "done": true
  },
  "minecraft:recipes/misc/yellow_dye_from_dandelion": {
    "criteria": {
      "has_yellow_flower": "2024-09-06 01:52:25 +0000"
    },
    "done": true
  },
  "minecraft:recipes/building_blocks/green_stained_glass": {
    "criteria": {
      "has_glass": "2024-09-06 01:54:25 +0000"
    },
    "done": true
  },
  "tombstone:tutorial/chain_death": {
    "criteria": {
      "coded_trigger": "2024-09-06 02:09:07 +0000"
    },
    "done": true
  },
  "biomesoplenty:recipes/buildingblocks/coarse_loamy_dirt": {
    "criteria": {
      "has_gravel": "2024-09-07 00:32:52 +0000"
    },
    "done": true
  },
  "minecraft:story/deflect_arrow": {
    "criteria": {
      "deflected_projectile": "2024-09-06 20:39:33 +0000"
    },
    "done": true
  },
  "minecraft:recipes/decorations/snow_layer": {
    "criteria": {
      "has_snowball": "2024-09-07 00:33:29 +0000"
    },
    "done": true
  },
  "biomesoplenty:recipes/redstone/wooden_pressure_plate_from_bop_wood": {
    "criteria": {
      "has_the_recipe": "2024-09-05 23:28:07 +0000"
    },
    "done": true
  },
  "minecraft:recipes/building_blocks/light_blue_wool": {
    "criteria": {
      "has_white_wool": "2024-09-06 02:16:16 +0000"
    },
    "done": true
  },
  "minecraft:recipes/combat/wooden_sword": {
    "criteria": {
      "has_stick": "2024-09-05 23:25:59 +0000"
    },
    "done": true
  },
  "minecraft:recipes/redstone/wooden_button": {
    "criteria": {
      "has_planks": "2024-09-05 23:28:07 +0000"
    },
    "done": true
  },
  "minecraft:recipes/tools/stone_shovel": {
    "criteria": {
      "has_cobblestone": "2024-09-06 01:49:17 +0000"
    },
    "done": true
  },
  "minecraft:recipes/decorations/yellow_stained_glass_pane": {
    "criteria": {
      "has_glass": "2024-09-06 01:54:25 +0000"
    },
    "done": true
  },
  "minecraft:recipes/decorations/gray_banner": {
    "criteria": {
      "has_gray_wool": "2024-09-06 02:18:58 +0000"
    },
    "done": true
  },
  "minecraft:recipes/building_blocks/oak_planks": {
    "criteria": {
      "has_log": "2024-09-06 01:48:18 +0000"
    },
    "done": true
  },
  "minecraft:recipes/building_blocks/blue_concrete_powder": {
    "criteria": {
      "has_sand": "2024-09-06 01:53:13 +0000"
    },
    "done": true
  },
  "biomesoplenty:recipes/transportation/boat_cherry": {
    "criteria": {
      "entered_water": "2024-09-05 23:26:06 +0000"
    },
    "done": true
  },
  "minecraft:recipes/building_blocks/gray_concrete_powder": {
    "criteria": {
      "has_sand": "2024-09-06 01:53:13 +0000"
    },
    "done": true
  },
  "minecraft:recipes/decorations/light_gray_banner": {
    "criteria": {
      "has_light_gray_wool": "2024-09-06 02:16:41 +0000"
    },
    "done": true
  },
  "minecraft:recipes/building_blocks/cyan_stained_glass": {
    "criteria": {
      "has_glass": "2024-09-06 01:54:25 +0000"
    },
    "done": true
  },
  "minecraft:recipes/building_blocks/bookshelf": {
    "criteria": {
      "has_book": "2024-09-06 03:24:58 +0000"
    },
    "done": true
  },
  "minecraft:recipes/decorations/fence": {
    "criteria": {
      "has_planks": "2024-09-06 01:48:29 +0000"
    },
    "done": true
  },
  "minecraft:recipes/tools/iron_axe": {
    "criteria": {
      "has_iron_ingot": "2024-09-06 02:40:37 +0000"
    },
    "done": true
  },
  "minecraft:recipes/decorations/gray_carpet": {
    "criteria": {
      "has_gray_wool": "2024-09-06 02:18:58 +0000"
    },
    "done": true
  },
  "minecraft:recipes/redstone/tripwire_hook": {
    "criteria": {
      "has_string": "2024-09-06 02:25:54 +0000"
    },
    "done": true
  },
  "minecraft:recipes/combat/iron_boots": {
    "criteria": {
      "has_iron_ingot": "2024-09-06 02:40:37 +0000"
    },
    "done": true
  },
  "minecraft:recipes/building_blocks/birch_planks": {
    "criteria": {
      "has_log": "2024-09-05 23:25:58 +0000"
    },
    "done": true
  },
  "biomesoplenty:biomesoplenty/root": {
    "criteria": {
      "yellow_flower": "2024-09-06 02:44:13 +0000",
      "red_flower": "2024-09-06 02:44:13 +0000"
    },
    "done": true
  },
  "minecraft:recipes/misc/bone_meal_from_bone": {
    "criteria": {
      "has_bone": "2024-09-06 02:26:24 +0000"
    },
    "done": true
  },
  "minecraft:recipes/building_blocks/black_concrete_powder": {
    "criteria": {
      "has_sand": "2024-09-06 01:53:13 +0000"
    },
    "done": true
  },
  "biomesoplenty:recipes/transportation/boat_ebony": {
    "criteria": {
      "entered_water": "2024-09-05 23:26:06 +0000"
    },
    "done": true
  },
  "biomesoplenty:recipes/transportation/boat_hellbark": {
    "criteria": {
      "entered_water": "2024-09-05 23:26:06 +0000"
    },
    "done": true
  },
  "minecraft:recipes/building_blocks/spruce_wooden_slab": {
    "criteria": {
      "has_planks": "2024-09-07 02:20:45 +0000"
    },
    "done": true
  },
  "minecraft:recipes/redstone/birch_fence_gate": {
    "criteria": {
      "has_planks": "2024-09-05 23:28:07 +0000"
    },
    "done": true
  },
  "minecraft:story/root": {
    "criteria": {
      "crafting_table": "2024-09-06 01:48:33 +0000"
    },
    "done": true
  },
  "minecolonies:minecolonies/complete_build_request_1_builder": {
    "criteria": {
      "builders_hut": "2024-09-06 20:18:12 +0000"
    },
    "done": true
  },
  "minecraft:recipes/redstone/stone_button": {
    "criteria": {
      "has_stone": "2024-09-07 01:09:49 +0000"
    },
    "done": true
  },
  "minecraft:recipes/combat/iron_chestplate": {
    "criteria": {
      "has_iron_ingot": "2024-09-06 02:40:37 +0000"
    },
    "done": true
  },
  "minecraft:recipes/building_blocks/yellow_wool": {
    "criteria": {
      "has_white_wool": "2024-09-06 02:16:16 +0000"
    },
    "done": true
  },
  "minecraft:recipes/misc/coal": {
    "criteria": {
      "has_the_recipe": "2024-09-06 01:51:33 +0000"
    },
    "done": true
  },
  "minecraft:recipes/building_blocks/red_concrete_powder": {
    "criteria": {
      "has_sand": "2024-09-06 01:53:13 +0000"
    },
    "done": true
  },
  "minecraft:recipes/building_blocks/string_to_wool": {
    "criteria": {
      "has_string": "2024-09-06 02:25:54 +0000"
    },
    "done": true
  },
  "biomesoplenty:recipes/transportation/boat_mahogany": {
    "criteria": {
      "entered_water": "2024-09-05 23:26:06 +0000"
    },
    "done": true
  },
  "tombstone:tutorial/root": {
    "criteria": {
      "auto": "2024-09-06 01:28:49 +0000"
    },
    "done": true
  },
  "minecraft:recipes/combat/leather_chestplate": {
    "criteria": {
      "has_leather": "2024-09-06 02:14:20 +0000"
    },
    "done": true
  },
  "minecraft:adventure/kill_a_mob": {
    "criteria": {
      "spider": "2024-09-06 02:25:52 +0000"
    },
    "done": true
  },
  "biomesoplenty:recipes/buildingblocks/coarse_sandy_dirt": {
    "criteria": {
      "has_gravel": "2024-09-07 00:32:52 +0000"
    },
    "done": true
  },
  "tombstone:recipes/from_grave_dust": {
    "criteria": {
      "has_ingredient": "2024-09-06 01:48:20 +0000"
    },
    "done": true
  },
  "minecraft:recipes/building_blocks/polished_andesite": {
    "criteria": {
      "has_stone": "2024-09-06 02:10:22 +0000"
    },
    "done": true
  },
  "minecraft:recipes/building_blocks/quartz_block": {
    "criteria": {
      "has_quartz": "2024-09-06 20:03:15 +0000"
    },
    "done": true
  },
  "minecraft:recipes/misc/gray_dye": {
    "criteria": {
      "has_bonemeal": "2024-09-06 20:15:37 +0000"
    },
    "done": true
  },
  "minecraft:adventure/adventuring_time": {
    "criteria": {
      "ice_flats": "2024-09-07 01:31:27 +0000",
      "frozen_river": "2024-09-07 01:51:08 +0000",
      "forest": "2024-09-05 23:24:31 +0000",
      "mushroom_island_shore": "2024-09-06 18:15:05 +0000",
      "birch_forest": "2024-09-06 02:59:21 +0000",
      "deep_ocean": "2024-09-06 00:45:09 +0000",
      "beaches": "2024-09-06 00:43:51 +0000",
      "extreme_hills_with_trees": "2024-09-06 03:11:26 +0000",
      "desert_hills": "2024-09-06 18:11:35 +0000",
      "forest_hills": "2024-09-06 00:45:05 +0000",
      "plains": "2024-09-05 23:26:13 +0000",
      "savanna": "2024-09-06 18:13:17 +0000",
      "taiga": "2024-09-05 23:27:44 +0000",
      "taiga_hills": "2024-09-06 00:44:28 +0000",
      "birch_forest_hills": "2024-09-06 02:59:30 +0000",
      "mushroom_island": "2024-09-06 18:15:35 +0000",
      "taiga_cold": "2024-09-06 18:35:31 +0000",
      "ocean": "2024-09-06 00:44:14 +0000",
      "extreme_hills": "2024-09-06 03:02:35 +0000",
      "river": "2024-09-05 23:26:07 +0000",
      "desert": "2024-09-06 18:10:07 +0000",
      "stone_beach": "2024-09-06 03:02:21 +0000"
    },
    "done": false
  },
  "minecraft:recipes/redstone/iron_door": {
    "criteria": {
      "has_iron_ingot": "2024-09-06 02:40:37 +0000"
    },
    "done": true
  },
  "minecraft:recipes/building_blocks/birch_wooden_slab": {
    "criteria": {
      "has_planks": "2024-09-05 23:28:07 +0000"
    },
    "done": true
  },
  "minecraft:recipes/combat/stone_sword": {
    "criteria": {
      "has_cobblestone": "2024-09-06 01:49:17 +0000"
    },
    "done": true
  },
  "minecraft:recipes/decorations/light_gray_carpet": {
    "criteria": {
      "has_light_gray_wool": "2024-09-06 02:16:41 +0000"
    },
    "done": true
  },
  "biomesoplenty:recipes/transportation/boat_willow": {
    "criteria": {
      "entered_water": "2024-09-05 23:26:06 +0000"
    },
    "done": true
  },
  "minecraft:recipes/decorations/cobblestone_wall": {
    "criteria": {
      "has_cobblestone": "2024-09-06 01:49:17 +0000"
    },
    "done": true
  },
  "minecraft:recipes/misc/magenta_dye_from_allium": {
    "criteria": {
      "has_red_flower": "2024-09-06 02:44:44 +0000"
    },
    "done": true
  },
  "minecraft:recipes/tools/stone_pickaxe": {
    "criteria": {
      "has_cobblestone": "2024-09-06 01:49:17 +0000"
    },
    "done": true
  },
  "betteranimalsplus:root": {
    "criteria": {
      "tick": "2024-09-05 23:24:31 +0000"
    },
    "done": true
  },
  "minecraft:recipes/building_blocks/brown_stained_glass": {
    "criteria": {
      "has_glass": "2024-09-06 01:54:25 +0000"
    },
    "done": true
  },
  "minecraft:husbandry/plant_seed": {
    "criteria": {
      "wheat": "2024-09-06 20:20:40 +0000"
    },
    "done": true
  },
  "minecraft:recipes/redstone/stone_pressure_plate": {
    "criteria": {
      "has_stone": "2024-09-07 01:09:49 +0000"
    },
    "done": true
  },
  "minecraft:recipes/transportation/boat": {
    "criteria": {
      "entered_water": "2024-09-05 23:26:06 +0000"
    },
    "done": true
  },
  "minecraft:recipes/combat/leather_boots": {
    "criteria": {
      "has_leather": "2024-09-06 02:14:20 +0000"
    },
    "done": true
  },
  "minecraft:recipes/transportation/jungle_boat": {
    "criteria": {
      "entered_water": "2024-09-05 23:26:06 +0000"
    },
    "done": true
  },
  "minecraft:recipes/building_blocks/birch_stairs": {
    "criteria": {
      "has_planks": "2024-09-05 23:28:07 +0000"
    },
    "done": true
  },
  "minecraft:recipes/building_blocks/light_gray_stained_glass": {
    "criteria": {
      "has_glass": "2024-09-06 01:54:25 +0000"
    },
    "done": true
  },
  "wolfarmor:recipes/combat/leather_wolf_armor": {
    "criteria": {
      "has_the_ingredients": "2024-09-06 02:18:16 +0000"
    },
    "done": true
  },
  "minecraft:recipes/redstone/heavy_weighted_pressure_plate": {
    "criteria": {
      "has_iron_ingot": "2024-09-06 02:40:37 +0000"
    },
    "done": true
  },
  "minecraft:recipes/transportation/dark_oak_boat": {
    "criteria": {
      "entered_water": "2024-09-05 23:26:06 +0000"
    },
    "done": true
  },
  "minecraft:recipes/redstone/daylight_detector": {
    "criteria": {
      "has_quartz": "2024-09-06 20:03:15 +0000"
    },
    "done": true
  },
  "biomesoplenty:recipes/transportation/boat_jacaranda": {
    "criteria": {
      "entered_water": "2024-09-05 23:26:06 +0000"
    },
    "done": true
  },
  "minecraft:recipes/building_blocks/pink_wool": {
    "criteria": {
      "has_white_wool": "2024-09-06 02:16:16 +0000"
    },
    "done": true
  },
  "minecraft:recipes/decorations/red_stained_glass_pane": {
    "criteria": {
      "has_glass": "2024-09-06 01:54:25 +0000"
    },
    "done": true
  },
  "wolfarmor:recipes/combat/iron_wolf_armor": {
    "criteria": {
      "has_the_ingredients": "2024-09-06 20:11:06 +0000"
    },
    "done": true
  },
  "minecraft:recipes/building_blocks/polished_granite": {
    "criteria": {
      "has_stone": "2024-09-06 01:51:16 +0000"
    },
    "done": true
  },
  "biomesoplenty:recipes/misc/sand_from_dried_sand": {
    "criteria": {
      "has_gem_block": "2024-09-06 20:13:11 +0000"
    },
    "done": true
  },
  "biomesoplenty:recipes/tools/empty_jar": {
    "criteria": {
      "has_glass": "2024-09-06 01:54:25 +0000"
    },
    "done": true
  },
  "minecraft:recipes/building_blocks/stonebrick": {
    "criteria": {
      "has_stone": "2024-09-07 01:09:49 +0000"
    },
    "done": true
  },
  "minecraft:recipes/building_blocks/stone_stairs": {
    "criteria": {
      "has_cobblestone": "2024-09-06 01:49:17 +0000"
    },
    "done": true
  },
  "cfm:root": {
    "criteria": {
      "tick": "2024-09-05 23:24:31 +0000"
    },
    "done": true
  },
  "biomesoplenty:recipes/misc/mud_from_dirt": {
    "criteria": {
      "has_gem_block": "2024-09-06 20:13:11 +0000"
    },
    "done": true
  },
  "minecraft:recipes/decorations/brown_stained_glass_pane": {
    "criteria": {
      "has_glass": "2024-09-06 01:54:25 +0000"
    },
    "done": true
  },
  "minecraft:recipes/building_blocks/light_gray_wool": {
    "criteria": {
      "has_white_wool": "2024-09-06 02:16:16 +0000"
    },
    "done": true
  },
  "minecraft:recipes/building_blocks/red_wool": {
    "criteria": {
      "has_white_wool": "2024-09-06 02:16:16 +0000"
    },
    "done": true
  },
  "minecraft:recipes/misc/light_gray_dye_from_oxeye_daisy": {
    "criteria": {
      "has_red_flower": "2024-09-07 01:23:22 +0000"
    },
    "done": true
  },
  "minecraft:story/smelt_iron": {
    "criteria": {
      "iron": "2024-09-06 02:40:37 +0000"
    },
    "done": true
  },
  "minecraft:recipes/tools/stone_axe": {
    "criteria": {
      "has_cobblestone": "2024-09-06 01:49:17 +0000"
    },
    "done": true
  },
  "minecraft:recipes/redstone/wooden_door": {
    "criteria": {
      "has_planks": "2024-09-06 01:48:29 +0000"
    },
    "done": true
  },
  "minecraft:recipes/building_blocks/pink_stained_glass": {
    "criteria": {
      "has_glass": "2024-09-06 01:54:25 +0000"
    },
    "done": true
  },
  "minecraft:recipes/decorations/light_gray_stained_glass_pane": {
    "criteria": {
      "has_glass": "2024-09-06 01:54:25 +0000"
    },
    "done": true
  }
}